,text,coarse_label,fine_label
0,How did serfdom develop in and then leave Russia ?,2,26
1,What films featured the character Popeye Doyle ?,1,5
2,How can I find a list of celebrities ' real names ?,2,26
3,What fowl grabs the spotlight after the Chinese Year of the Monkey ?,1,2
4,What is the full form of .com ?,0,1
5,What contemptible scoundrel stole the cork from my lunch ?,3,29
6,What team did baseball 's St. Louis Browns become ?,3,28
7,What is the oldest profession ?,3,30
8,What are liver enzymes ?,2,24
9,Name the scar-faced bounty hunter of The Old West .,3,29
10,When was Ozzy Osbourne born ?,5,39
11,Why do heavier objects travel downhill faster ?,2,27
12,Who was The Pride of the Yankees ?,3,29
13,Who killed Gandhi ?,3,29
14,What is considered the costliest disaster the insurance industry has ever faced ?,1,8
15,What sprawling U.S. state boasts the most airports ?,4,36
16,What did the only repealed amendment to the U.S. Constitution deal with ?,2,25
17,How many Jews were executed in concentration camps during WWII ?,5,38
18,What is `` Nine Inch Nails '' ?,2,24
19,What is an annotated bibliography ?,2,24
20,What is the date of Boxing Day ?,5,39
21,What articles of clothing are tokens in Monopoly ?,1,13
22,Name 11 famous martyrs .,3,29
23,What 's the Olympic motto ?,2,25
24,What is the origin of the name ` Scarlett ' ?,2,25
25,What 's the second-most-used vowel in English ?,1,12
26,Who was the inventor of silly putty ?,3,29
27,What is the highest waterfall in the United States ?,4,35
28,Name a golf course in Myrtle Beach .,1,13
29,Which two states enclose Chesapeake Bay ?,4,36
30,What does the abbreviation AIDS stand for ?,0,1
31,What does a spermologer collect ?,1,13
32,How many points make up a perfect fivepin bowling score ?,5,38
33,Which company that manufactures video-game hardware sells the `` super system '' ?,3,28
34,How many Community Chest cards are there in Monopoly ?,5,38
35,What do Mormons believe ?,2,25
36,When did the neanderthal man live ?,5,39
37,In what religion was Isis the nature goddess ?,1,16
38,Where do the adventures of `` The Swiss Family Robinson '' take place ?,4,35
39,What relative of the racoon is sometimes known as the cat-bear ?,1,2
40,How can I register my website in Yahoo for free ?,2,26
41,What was cash-conscious Colonel Edwin L. Drake the first to drill ?,1,13
42,How many people in the world speak French ?,5,38
43,How many inches over six feet is the Venus de Milo ?,5,38
44,How do they find or choose witnesses to an execution ?,2,26
45,What 1920s cowboy star rode Tony the Wonder Horse ?,3,29
46,What cocktail inspired John Doxat to write the book Stirred-Not Shaken ?,1,9
47,What ISPs exist in the Caribbean ?,3,28
48,How do you ask a total stranger out on a date ?,2,26
49,What weapon is the mythological character Apollo most proficient with ?,1,13
50,What country do the Galapagos Islands belong to ?,4,33
51,What is ethology ?,2,24
52,Who was the prophet of the Muslim people ?,3,29
53,Where did the term `` 86ed '' come from ?,2,25
54,Who is Snoopy 's arch-enemy ?,3,29
55,What is the nature of learning ?,2,24
56,What 's the only color Johnny Cash wears on stage ?,1,4
57,What 's the term for a young fox ?,1,21
58,What U.S. state lived under six flags ?,4,36
59,What is the Kashmir issue ?,2,24
60,Where is the Loop ?,4,35
61,What does `` extended definition '' mean and how would one write a paper on it ?,2,24
62,What country 's capital is Tirana ?,4,33
63,What is titanium ?,2,24
64,Who do Herb and Tootsie live next door to ?,3,29
65,Which city has the oldest relationship as a sister city with Los Angeles ?,4,32
66,What is a caldera ?,2,24
67,Why do people get calluses ?,2,27
68,What are the names of the tourist attractions in Reims ?,4,35
69,What are Cushman and Wakefield known for ?,2,27
70,What body of water does the Danube River flow into ?,4,35
71,Who is the founder of Scientology ?,3,29
72,What does the six-footed Musca domestica become when it enters a house ?,1,13
73,What is the history of skateboarding ?,2,25
74,Who starred in Singing in the Rain and The Singing Nun ?,3,29
75,How do I make fuel bricks from recycled newspaper ?,2,26
76,What 19th-century painter died in the Marquesas Islands ?,3,29
77,The corpus callosum is in what part of the body ?,1,3
78,How do I log on to home page at Headquarters U.S. European Command ?,2,26
79,"What country did the Nazis occupy for 1 , CD NNS IN NNP NNP NNP .",4,33
80,What is Nebraska 's most valuable resource ?,1,13
81,How many species of the Great White shark are there ?,5,38
82,What is the origin of head lice ?,2,25
83,What is the nickname for the state of Mississippi ?,4,36
84,What was the first domesticated bird ?,1,2
85,How many villi are found in the small intestine ?,5,38
86,What country did King Wenceslas rule ?,4,33
87,What is a fear of shadows ?,1,7
88,Who were the five Marx brothers ?,3,29
89,In which year was New Zealand excluded from the ANZUS alliance ?,5,39
90,When did CNN begin broadcasting ?,5,39
91,What causes the body to shiver in cold temperatures ?,2,27
92,What are bear and bull markets ?,2,24
93,What J.R.R. Tolkien book features Bilbo Baggins as the central character ?,1,5
94,What is `` dew point '' ?,2,24
95,What is the meaning of Jesus ?,2,24
96,What company 's logo is a `` W '' in a circle ?,3,28
97,What is the definition of a cascade ?,2,24
98,When did Rococo painting and architecture flourish ?,5,39
99,What country 's national passenger rail system is called Via ?,4,33
100,Who invented Make-up ?,3,29
101,What is the origin of the word `` attic '' ?,2,25
102,What did Delilah do to Samson 's hair ?,2,25
103,What kind of animals were in the Paleozoic era ?,1,2
104,Which of the following was Rhodes Scholar ?,3,29
105,Who comprised the now-defunct comic book team known as the Champions ?,3,29
106,How do you make a paintball ?,2,26
107,What U.S. state is Fort Knox in ?,4,36
108,What is a female rabbit called ?,1,2
109,Where is the highest point in Japan ?,4,34
110,Where do chihuahuas come from ?,2,25
111,Where does Barney Rubble go to work after he drops Fred off in the `` Flintstones '' cartoon series ?,4,35
112,What are the world 's four oceans ?,4,35
113,What 's the only work by Michelangelo that bears his signature ?,1,5
114,What is the largest snake in the world ?,1,2
115,In what medium is Stuart Hamblen considered to be the first singing cowboy ?,1,5
116,Where on the Internet can I find a song lyrics database similar to the International Lyrics Server ?,4,35
117,How much money does a back injury lawsuit get ?,5,41
118,What 's the common name for acetylsalicylic acid ?,1,21
119,What does the Georgetown `` Hoya '' mean ?,2,24
120,Where can I find a list of `` classic '' books 5th and 6th graders should read ?,4,35
121,Which two products use a tiger as their symbol ?,1,15
122,How is the election of a new Pope announced to the world ?,2,26
123,How long does it take for your blood to make one complete trip through the body ?,5,44
124,How do chickens have baby chicks ?,2,26
125,What is the historical relationship of Catholic Church and bingo ?,2,25
126,How was the element calcium named ?,2,26
127,What crooner joined The Andrews Sisters for Pistol Packin Mama ?,3,29
128,What piano company claims its product is the `` Instrument of the immortals '' ?,3,28
129,When did the Bounty mutiny take place ?,5,39
130,What novel inspired the movie BladeRunner ?,1,5
131,What is a transistor ?,2,24
132,What is a film starring Jude Law ?,1,5
133,What Hollywood dog died in the arms of Jean Harlow in 1932 ?,1,2
134,What are the most common elements in the Earth 's crust ?,1,18
135,"How much would it cost to purchase a 2-foot-square party tent , with sides , ?",5,41
136,What actress has received the most Oscar nominations ?,3,29
137,What are equity securities ?,2,24
138,What is gymnophobia ?,2,24
139,How many years do fossils take to form ?,5,38
140,Where is the Orinoco ?,4,35
141,What was the name of the `` Little Rascals '' dog ?,1,2
142,"What city boasts Penn 's Landing , on the banks of the Delaware river ?",4,32
143,What Broadway musical was inspired by Cervantes 's Don Quixote ?,1,5
144,"What is the origin of the word , JJ .",2,25
145,How many hostages were killed in the Entebbe raid ?,5,38
146,How you can raise your IQ ?,2,26
147,What does INRI stand for when used on Jesus ' cross ?,0,1
148,Who produces Spumante ?,3,28
149,Who earns their money the hard way ?,3,29
150,Who founded the People 's Temple Commune ?,3,29
151,What athlete makes the most money from sports merchandise sales ?,3,29
152,How many bends are there in a standard paper clip ?,5,38
153,Who discovered electricity ?,3,29
154,What part of your body contains the corpus callosum ?,1,3
155,Who was the first American in space ?,3,29
156,What two South American countries do n't border Brazil ?,4,33
157,What album put The Beatles on the cover of Time in 1967 ?,1,5
158,"What poem contains the line , `` grow old with me the best is yet to be '' .",1,5
159,What is a dental root canal ?,2,24
160,What war did the Wanna-Go-Home Riots occur after ?,1,8
161,What is the busiest air travel season ?,5,39
162,What 's the colored part of the eye called ?,1,3
163,What are hook worms ?,2,24
164,Where is the Rose Bowl played ?,4,35
165,Which Japanese car maker had its biggest percentage of sale in the domestic market ?,3,28
166,Who is the mayor of Marbella ?,3,29
167,"What sun-blasted , 14-mile wide valley is just north of the Mojave desert ?",4,35
168,In what year did Thatcher become prime minister ?,5,39
169,How many months does it take the moon to revolve around the Earth ?,5,38
170,Where are the 49 steps ?,4,35
171,In what year was De Gaulle elected president of France ?,5,39
172,Who sings the themes for `` Dawson 's Creek '' and `` Felicity '' ?,3,29
173,Who directed `` Jaws '' ?,3,29
174,On what T.V. show could Tom Terrific be found ?,1,5
175,What Indian tribe is F Troop perpetually doing battle with ?,3,28
176,Where did Indian Pudding come from ?,2,25
177,Why do some clothing labels say `` Use a nonchlorine bleach '' ?,2,27
178,How many colonies were involved in the American Revolution ?,5,38
179,What is the name of the city that Maurizio Pellegrin lives in ?,4,32
180,Where can I find pictorial directions on how to build a very simple treehouse ?,4,35
181,"What game 's board shows the territories of Irkutsk , Yakutsk and Kamchatka ?",1,17
182,What is the name of the managing director of Apricot Computer ?,3,29
183,What is the occupation of Nicholas Cage ?,3,30
184,Why do horseshoes bring luck ?,2,27
185,"What is the 401 , K , plan ?",2,24
186,What causes pneumonia ?,2,27
187,What are the three winter months in the southern hemisphere ?,5,39
188,What does gringo mean ?,2,24
189,What country contains Africa 's northernmost point ?,4,33
190,What therapy attempts to elicit the `` primal scream '' ?,1,7
191,Where is the Kalahari desert ?,4,35
192,Which Ventura County police department seized the largest cocaine shipment in it 's history ?,3,28
193,What city is sometimes called Gotham ?,4,32
194,What dangles over the tongue from the palate ?,1,3
195,Who created Dennis the Menace ?,3,29
196,What dummy received an honorary degree from Northwestern University ?,3,29
197,When was the first Wall Street Journal published ?,5,39
198,What countries have the largest areas of forest ?,4,33
199,How do I start a web based business ?,2,26
200,Name Alvin 's brothers,3,29
201,What is Eagle 's syndrome styloid process ?,2,24
202,How did Jayne Mansfield die ?,2,26
203,When did the royal wedding of Prince Andrew and Fergie take place ?,5,39
204,What actor said in A Day at the Races : `` Either he 's dead or my watch has stopped '' ?,3,29
205,What explorer was nicknamed Iberia 's Pilot ?,3,29
206,CNN began broadcasting in what year ?,5,39
207,What is a ball that hits the foul pole called ?,1,21
208,What makes hamburgers taste like steakburgers ?,2,27
209,Which company created the Internet browser Mosaic ?,3,28
210,What are the rites accompanying the circumcision of a newly born-child in Judaism called ?,1,8
211,What was the education system in the 1960 's ?,1,13
212,What South American city has the world 's highest commercial landing field ?,4,32
213,How can I find out which cities have cable-modem access ?,2,26
214,What is Betsy Ross famous for ?,2,27
215,How many species of sharks are there ?,5,38
216,What is `` snoogans '' ?,2,24
217,How many people are there in the world ?,5,38
218,What shrubs can be planted that will be safe from deer ?,1,14
219,What organization 's offices were broken into at Watergate in 1972 ?,3,28
220,What is the design of the ship Titanic ?,2,25
221,What does S.O.S. stand for ?,0,1
222,Name a technique widely used to detect birth defects ?,1,20
223,What is the daily requirement of folic acid for an expectant mother ?,2,25
224,What is the `` 7-minute cigarette '' ?,2,24
225,What four forms does gold occur in ?,1,13
226,What is the acreage of the Chappellet vineyard ?,5,48
227,How do you correctly say the word ` qigong ' ?,2,26
228,When did beethoven die ?,5,39
229,How much does a new railroad coal car cost ?,5,41
230,What two European countries entered the War of American Independence against the British ?,4,33
231,What is the filmmakers collabrative ?,2,24
232,What Russian composer 's Prelude in C Sharp Minor brought him fame and fortune ?,3,29
233,What caused Harry Houdini 's death ?,2,27
234,"Who was the mother of the man who would not be king , the duke of Windsor ?",3,29
235,How many revolutions does a standard LP make in three minutes ?,5,38
236,What is the name of the tallest mountain in the world ?,4,34
237,Where can I find a review of Nightmare on Elm Street in a film journal ?,4,35
238,What 's the slowest Olympic swimming stroke ?,1,20
239,What was the name of the first Russian astronaut to do a spacewalk ?,3,29
240,What disease is transmitted by the Anopheles mosquito ?,1,7
241,What rum is so `` mixable '' it is a one-brand bar ?,1,9
242,How many South American countries have the letter Z in their names ?,5,38
243,What is the contents of proposition 98 ?,2,24
244,Where was George Washington born ?,4,35
245,"How many people on the ground were killed from the bombing of Pan Am Flight 103 over Lockerbie , Scotland , December 21 , CD .",5,38
246,Who wrote NN DT NNP NNP '' ?,3,29
247,What is paracetamol ?,2,24
248,What are the powers and weaknesses of Green Lantern 's ring ?,2,25
249,"Which mosquito 's bite draws blood , DT NN CC DT NN .",1,2
250,When was the first steel mill in the United States built ?,5,39
251,What diminutive American female gymnast stole the show at the 1984 Olympics ?,3,29
252,What is the origin of the name Katie ?,2,25
253,"What schools in the Washington , DC NN NN VBP NN NN NN NN .",3,28
254,When did the Berlin Wall go up ?,5,39
255,Who is Terrence Malick ?,3,31
256,What instrument is Ray Charles best known for playing ?,1,10
257,"What 's the meaning of the Latin battle cry : Ad arma , ad arma .",2,24
258,What is the mascot for Notre Dame University ?,1,13
259,"What Las Vegas hotel burned in November , 1980 , with the loss of 84 lives ?",4,35
260,When did Mount St. Helen last have a significant eruption ?,5,39
261,CNN is the abbreviation for what ?,0,1
262,When did World War I start ?,5,39
263,How many feet are there in a fathom ?,5,38
264,What is a Canada two-penny black ?,2,24
265,What European city do Nicois live in ?,4,32
266,How can I find out what year a Beanie Baby was introduced ?,2,26
267,What is the classic definition of tragic hero ?,2,24
268,To what does Microsoft 's Windows 3 owe its success ?,1,13
269,Who was President of Afghanistan in 1994 ?,3,29
270,"What are other ways of getting stretch marks besides pregnancy , weight loss , and weight lifting ?",1,20
271,What did brontosauruses eat ?,1,9
272,What color bottles do good Rhine wines come in ?,1,4
273,Who was the lead actress in the movie ` Sleepless in Seattle ' ?,3,29
274,Who was the 16th President of the United States ?,3,29
275,Who are the two sons of Ozzie and Harriet Nelson ?,3,29
276,What is molybdenum ?,2,24
277,When is Boxing Day ?,5,39
278,What is the lowest level of the American judiciary ?,1,13
279,When was the battle of the Somme fought ?,5,39
280,How many people did Randy Craft kill ?,5,38
281,What 's the official animal of Canada ?,1,2
282,When did Spielberg direct `` Jaws '' ?,5,39
283,What is the size of the largest akita ?,5,48
284,What animal has the biggest eyes ?,1,2
285,What is California 's capital ?,4,32
286,Who was the author of the book about computer hackers called `` The Cuckoo 's Egg : Tracking a Spy Through the Maze of Computer Espionage '' ?,3,29
287,Who was the founding member of the Pink Floyd band ?,3,29
288,What European country is home to the beer-producing city of Budweis ?,4,33
289,How do I find the balance of my social security account ?,2,26
290,What is the history of Valentine 's Day cards ?,2,25
291,Where was Christopher Columbus born ?,4,35
292,What do Italians call Florence ?,1,21
293,How do you get to the top of the Eiffel Tower ?,2,26
294,What does ` PSI ' stand for ?,0,1
295,What sea did the Romans call mare nostrum ?,4,35
296,What 's the term for a bet before cards are dealt ?,1,21
297,"Which came first , according to Genesis 1 : 2 : 22 - the chicken or the egg ?",1,2
298,What city did the Flintstones live in ?,4,32
299,What is Latin for incompetent ?,1,21
300,What chemicals are used in lethal injection ?,1,7
301,What toy company is the world 's No.1 maker of female apparel ?,3,28
302,What board game does a `` wood-pusher '' play poorly ?,1,17
303,Which Doonesbury character was likely to turn into a werewolf ?,3,29
304,What is the abbreviation for micro ?,0,0
305,What are the 7 articles of the constitution ?,1,13
306,Who has won the most Super Bowls ?,3,28
307,What does NASDAQ stand for ?,0,1
308,What is BPH ?,0,1
309,What is the fastest commercial automobile that can be bought in the US ?,1,13
310,What stadium do the Miami Dolphins play their home games in ?,4,35
311,Who has the only speaking role in `` Silent Movie '' ?,3,29
312,Why is poop sometimes different colors ?,2,27
313,What was Einstein 's IQ ?,5,43
314,What day was Pearl Harbor attacked in 1942 ?,5,39
315,What girl 's name is `` Teddy '' an affectionate form of ?,3,29
316,What state is John F. Kennedy buried in ?,4,36
317,What is the best way to remove wallpaper ?,1,20
318,What U.S. state has an element named for it ?,4,36
319,What company tabulates the ballots in voting for the Academy Awards ?,3,28
320,How did the tradition of best man start ?,2,26
321,How many years ago did the ship Titanic sink ?,5,38
322,What is the deepest area of the Arctic Ocean ?,4,35
323,What are Halloween 's colors ?,1,4
324,How is silk screening done ?,2,26
325,"What is the latitude and longitude of El Paso , Texas ?",5,43
326,Who made a boat out of gopher wood ?,3,29
327,Where can I find a `` Fifth Element '' screensaver ?,4,35
328,Which Bloom County resident wreaks havoc with a computer ?,3,29
329,How do you match a name to a social security number ?,2,26
330,How does a rainbow form ?,2,26
331,What is the normal resting heart rate of a healthy adult ?,5,43
332,What is the population of Ohio ?,5,43
333,How many calories are there in a Big Mac ?,5,38
334,Hazmat stands for what ?,2,24
335,What creature scares people in the film `` Jaws '' ?,1,2
336,What part did John Peter Zenger play in the deveopment of the newspaper in America ?,3,29
337,Who followed Caesar ?,3,29
338,What are the four elements ?,1,18
339,Who was the first woman golfer to earn a million ?,3,29
340,What 's the tallest piece on a chessboard ?,1,13
341,What is Answers.com 's address ?,4,35
342,Where can I buy movies on videotape online ?,4,35
343,Who does the advertizing for Frito-Lay ?,3,29
344,Who is the leading competitor of Trans Union Company ?,3,28
345,What product did Robert Conrad dare people to knock off his shoulder ?,1,15
346,Who invented the radio ?,3,29
347,What 's the American dollar equivalent for 8 pounds in the U.K. ?,5,38
348,What are the different approaches of systems analysis ?,1,20
349,How do doctors diagnose bone cancer ?,2,26
350,Who is the man behind the pig-the man who pulls the strings and speaks for Miss Piggy ?,3,29
351,What is the speed of the Mississippi River ?,5,46
352,What are the developmental stages of a swimmer ?,1,13
353,What actor first portrayed James Bond ?,3,29
354,What ocean is the largest in the world ?,4,35
355,"Who was the first American poet to win the Nobel Prize for literature , in 1948 ?",3,29
356,What year did Jack Nicklaus join the Professional Golfers Association tour ?,5,39
357,How many sonnets did Shakespeare write ?,5,38
358,What causes the redness in your cheeks when you blush ?,2,27
359,Who won the Nobel Peace Prize in 1991 ?,3,29
360,Who are the Challengers of the Unknown ?,3,28
361,Define the Pheonix Club ?,2,24
362,Which city did Christian Crusaders fight to recapture from the Muslims ?,4,32
363,What does it mean `` Rupee Depreciates '' ?,2,24
364,What gaming devices were dubbed `` Mississippi marbles '' and `` Memphis dominoes '' ?,1,13
365,Who was the first coach of the Cleveland Browns ?,3,29
366,How successful is arometherapy ?,2,26
367,What Jewish holiday saw the start of the 1973 Mideast War ?,1,8
368,How does a copier work ?,2,26
369,What is the speed of the Mississippi River ?,5,46
370,Who said of Super Bowl III in 1969 : `` We 'll win- I guarantee it '' ?,3,29
371,What is Dudley Do-Right 's horse 's name ?,1,2
372,Who declared : `` I am down on whores and I shan 't stop ripping them '' ?,3,29
373,Where does chocolate come from ?,4,35
374,What TV game show once saw a contestant admit to picking his toes in the shower ?,1,5
375,What Soviet leader owned a Rolls-Royce ?,3,29
376,Where can I find a case on Individuals with Disabilities Education Act of 1991 ?,4,35
377,What war did Florence Nightingale tend the troops in ?,1,8
378,"Who wrote the song , `` Stardust '' ?",3,29
379,How many Beatles ' records went #1 ?,5,38
380,Who is the only prime minister of Canada to serve 22 years but not necessarily consecutively ?,3,29
381,What is the abbreviation of the company name ` General Motors ' ?,0,0
382,What mountains lie between the Arkansas and Missouri rivers ?,4,34
383,Who received the Will Rogers Award in 1989 ?,3,29
384,What is the function of RAM ?,2,27
385,What 's the closest G2 Spectrum Yellow Dwarf to Earth ?,4,35
386,How many equal angles are there in an isosceles triangle ?,5,38
387,What is the fear of cockroaches called ?,1,7
388,What CBS soap opera was interrupted by the bulletin of John F. Kennedy 's assassination ?,1,5
389,What is the use of a 24-hour clock instead of a 12-hour clock ?,2,25
390,What was the name of the lawyer who represented Randy Craft ?,3,29
391,What United States President had dreamed that he was assassinated ?,3,29
392,What film did Lee Marvin win the 1965 best actor Oscar for ?,1,5
393,Where is Basque country located ?,4,35
394,What product does `` Mrs. Olsen '' promote ?,1,15
395,What time of day did Emperor Hirohito die ?,5,39
396,What is dry ice ?,2,24
397,What 's the most powerful card in Euchre ?,1,13
398,What does `` intractable plantar keratoma '' mean ?,2,24
399,How many years did it take James Joyce to write Ulysses ?,5,38
400,What crop failure caused the Irish Famine ?,1,9
401,What South Korean city is served by Kimpo International Airport ?,4,32
402,How many types of dogs ' tails are there - three,5,38
403,What is the longest-running television series ?,1,5
404,What predators exist on Antarctica ?,1,2
405,What is the difference between a generator and an alternator ?,2,25
406,How is energy created ?,2,26
407,What beer advertised that it had `` three rings '' ?,1,9
408,What is the quantity of American soldiers still unaccounted for from the Vietnam war ?,5,43
409,What golfing accessory was patented by George Grant on December 12,1,20
410,What are the different types of plastic ?,1,13
411,How is it correct to say ` qigong ' ?,2,26
412,What was the highest mountain on earth before Mount Everest was discovered ?,4,34
413,"Where was the Ligurian Republic , 1797-185 , ?",4,35
414,What country 's people are the top television watchers ?,4,33
415,When was the women 's suffrage amendment ratified ?,5,39
416,What Polynesian people inhabit New Zealand ?,3,28
417,What movie tour of the Roman empire features the admonition : `` Row well and live '' ?,1,5
418,What Nevada center has been dubbed The Biggest Little City in the World ?,4,32
419,"What President lived at 219 North Delaware Street , Independence , Missouri ?",3,29
420,Give a reason for American Indians oftentimes dropping out of school .,2,27
421,Where must a soccer goalie stand to be permitted to handle the ball ?,4,35
422,What is the difference between classical conditioning and operant conditioning ?,2,25
423,In what U.S. state was the first woman governor elected ?,4,36
424,What are some interesting facts and information about dogsledding ?,2,25
425,What year did Hitler die ?,5,39
426,What famous model was married to Billy Joel ?,3,29
427,What kind of animal is Babar ?,1,2
428,What is Jane Goodall known for ?,2,27
429,What killed Bob Marley ?,1,13
430,How much money are Dumbo 's ears insured for ?,5,41
431,Who danced into stardom with Fred Astaire in 1941 's You 'll Never Get Rich ?,3,29
432,Who is Stein Eriksen ?,3,31
433,What does the name Billie mean ?,2,24
434,Who is the fastest swimmer in the world ?,3,29
435,What is the highest peak in Africa ?,4,34
436,Where is Procter & Gamble headquartered in the U.S. ?,4,35
437,What desert has been called The Garden of Allah ?,4,35
438,What do bicornate animals have two of ?,1,13
439,What function does a community 's water tower serve ?,2,27
440,What is a fear of weakness ?,1,7
441,How many miles is it to Ohio from North Carolina ?,5,38
442,How much snow equals an inch of rain ?,5,38
443,What does G.M.T. stand for ?,0,1
444,What does Inuit and Eskimo mean ?,2,24
445,What song served as the closing theme of The Johnny Cash Show ?,1,5
446,What field sport did dentist William Beers promote and write a standard book of rules for ?,1,17
447,How do I tie dye clothes ?,2,26
448,When does the average teenager first have intercourse ?,5,39
449,Why doesn 't www.answers.com have any answers to my questions ?,2,27
450,What actor 's autobiography is titled All My Yesterdays ?,3,29
451,What Russian master spy lived in the U.S. under the name Emil Goldfus ?,3,29
452,Where 's the 19th hole on a golf course ?,4,35
453,What 's nature 's purpose for tornadoes ?,2,27
454,Who played the original Charlie 's Angels ?,3,29
455,Where can I find a person 's address from a telephone number ?,4,35
456,"What English word comes from the Old French covrefeu , meaning cover fire ?",1,23
457,What musical instrument did Prewitt play in James Jones 's From Here to Eternity ?,1,10
458,Where did Sarge Steel get his metal hand ?,4,35
459,What makes popcorn pop ?,2,27
460,Who wrote The Night of the Iguana ?,3,29
461,Where does your hair grow the fastest ?,1,3
462,What country did King Gustav V reign over from 197 to 195 ?,4,33
463,Who painted Mother and Child ?,3,29
464,What is the speed of the Mississippi River ?,5,46
465,In what area of the world was the Six Day War fought ?,4,35
466,What is the brightest star visible from Earth ?,4,35
467,What film marked Robert Redford 's directorial debut ?,1,5
468,What was Mao 's second name ?,3,29
469,What film or films has Jude Law appeared in ?,1,5
470,Where do hyenas live ?,4,35
471,Who is the `` Queen Mother '' ?,3,31
472,What 's the most commonly-spoken language in Belgium ?,1,11
473,Who has more DNA - a man or a woman ?,3,29
474,What are Maid-Rites ?,2,24
475,"What children 's tale contains the line : `` Come , Cinderslut , and hold this skein of wool for me '' ?",1,5
476,What level of government or governmental agency is responsible for dealing with racism ?,3,28
477,How many referees work a soccer game ?,5,38
478,What cocktail do you concoct with whisky and sweet vermouth ?,1,9
479,How do you say `` fresh '' in Spanish ?,1,21
480,What do bee hives do in cranberry bogs ?,2,25
481,What caused the Lynmouth floods ?,2,27
482,When is the Tulip Festival in Michigan ?,5,39
483,"Who came up with the name , El Nino ?",3,29
484,What movie did Madilyn Kahn star in with Gene Wilder ?,1,5
485,What type of bridge is the Golden Gate Bridge ?,1,13
486,What dictator has the nickname `` El Maximo '' ?,3,29
487,What stereo manufacturer is `` Slightly ahead of its time '' ?,3,28
488,What U.S. city is The Queen of the Pacific ?,4,32
489,What TV sitcom character had the maiden name Ethel Potter ?,3,29
490,What was the first Lifesaver flavor ?,1,9
491,Who kept the most famous diary in the English language ?,3,29
492,Where can I find out the top 1 singles ?,4,35
493,How many degrees cooler is the inside of a cucumber than the air outside ?,5,38
494,What Spanish artist painted Crucifixion ?,3,29
495,What is the Jewish bible called ?,1,5
496,Why is the grass green ?,2,27
497,What is a firewall ?,2,24
498,What spy novelist served as Moscow correspondent for Reuter and The Times of London ?,3,29
499,Which oil company almost picked a word that meant `` stalled car '' in Japanese as its new international name ?,3,28
500,How long does it take for Spider-Man 's web to evaporate ?,5,44
501,Who was Randy Steven Craft 's lawyer ?,3,29
502,What was known as the Spice Island ?,4,35
503,Who was the first host of Person to Person ?,3,29
504,Name the Ranger who was always after Yogi Bear .,3,29
505,"What deck of cards includes the Wheel of Fortune , the Lovers , and Death ?",1,13
506,What does the Statue of Liberty wear on her feet ?,1,13
507,Who is the superstar in rent-a-cars ?,3,29
508,McCarren Airport is located in what city ?,4,32
509,"What household facility contains a float ball , ballcock , and overflow tube ?",1,13
510,What was the name of Betty Boop 's dog ?,1,2
511,What fraction of a beaver 's life is spent swimming ?,5,45
512,What was the Bridge of San Luis Rey made of ?,1,18
513,What do economists do ?,2,25
514,What country has the largest sheep population ?,4,33
515,"What do I need to do to take my dog with me to live in Dominica , West Indies for a year ?",2,25
516,What country is the world 's largest importer of cognac ?,4,33
517,How many years is Johnnie Walker Black Label aged ?,5,38
518,What does SIDS stand for ?,0,1
519,What is Grenada 's main commodity export ?,1,13
520,"How much would a black-and-white 1-cent stamp be worth , Thomas Jefferson on it , ?",5,41
521,What makes a clitoris sensitive ?,2,27
522,"What country has the most time zones , with 11 ?",4,33
523,What `` magic '' does Mandrake employ ?,1,13
524,Who is the president of Stanford University ?,3,29
525,Whose first presidential order was : `` Let 's get this goddamn thing airborne '' ?,3,29
526,"What was introduced commercially by Bayer A.G. of Leverkusen , in 1899 ?",1,13
527,What city is Logan Airport in ?,4,32
528,What is a nanometer ?,2,24
529,How many innings are there in a regulation softball game ?,5,38
530,When did CNN go on the air ?,5,39
531,What is the largest city on the Great Lakes ?,4,32
532,What is the telephone number for the University of Kentucky ?,5,37
533,Who invented baseball ?,3,29
534,How many wives did Brigham Young have ?,5,38
535,What product on the market is good for hiding facial scars ?,1,15
536,How long is the Coney Island boardwalk ?,5,40
537,What city gained renown for its pea-soup fogs ?,4,32
538,What does `` Janelle '' mean ?,2,24
539,How do I get another city 's newspaper ?,2,26
540,Name a movie about the Sioux Indians starring Kevin Costner .,1,5
541,"Who was shot in the back during a Poker game in Deadwood , the Dakota territory ?",3,29
542,What are the distinct physical characterstics of the Arabian horse ?,2,25
543,What is a fear of thunder ?,1,7
544,What animal has killed the most people ?,1,2
545,How many colleges are in Wyoming ?,5,38
546,What Russian seaport has a name meaning `` Lord of the East '' ?,4,32
547,Where can stocks be traded on-line ?,4,35
548,When was the Battle of Hastings ?,5,39
549,What kind of file has the extension .dbf ?,1,13
550,When did Muhammad live ?,5,39
551,"What then-derogatory term was applied to the painters Monet , Sisley , Pissarro , Renoir and Degas ?",1,21
552,What is a wop ?,2,24
553,Where do rocks come from ?,2,25
554,How do I stop background noise in a car stereo ?,2,26
555,Where do people mountain climb in Nepal ?,4,34
556,What is the best college in the country ?,3,28
557,What is viscosity ?,2,24
558,What was the name of the sitcom that Alyssa Milano starred in with Tony Danza ?,1,5
559,What are the Nordic nations ?,4,33
560,Where on the Internet can I get information about the Fifth Amendment on the American Bill of Rights ?,4,35
561,What U.S. state borders Illinois to the north ?,4,36
562,Name a film in which Jude Law acted .,1,5
563,What is the temperature for baking Peachy Oat Muffins ?,5,47
564,What is a fear of bees ?,1,7
565,What Vladimir Nabokov novel features Professor Humbert in love with a 12-year-old girl ?,1,5
566,What is a green bog ?,2,24
567,Where did the myth of Santa Claus originate ?,4,35
568,What does a chairbound basophobic fear ?,1,13
569,What city is served by Logan International Airport ?,4,32
570,What wrestling star became `` The Incredible Hulk '' ?,3,29
571,What attracts tourists to Reims ?,4,35
572,What game do Steve McQueen and Edward G. Robinson play in The Cincinnati Kid ?,1,17
573,What fastener did Whitcomb Judson patent in 1893 ?,1,13
574,What 's an auberge in France ?,2,24
575,Who was the star of the 1965 Broadway hit Golden Boy ?,3,29
576,Where is Procter & Gamble based in the U.S. ?,4,35
577,What army was founded by William Booth and his wife Catherine ?,3,28
578,What does ribavirin consist of ?,1,18
579,Name the soft drink that is `` number one in the sun . '',1,9
580,What is the web address of the list of e-mail addresses of members of the House of Representatives ?,4,35
581,What was her real name ?,3,29
582,Why are the ears your center of balance ?,2,27
583,Who invented the toothbrush ?,3,29
584,What was the name of that popular song the Creeps sang ?,1,5
585,Where is the Abominable Snowman said to wander ?,4,35
586,What is a fear of being alone ?,1,7
587,How many dots make up the symbol for `` because '' ?,5,38
588,What do you get by adding Lactobacillus bulgaricus to milk ?,1,9
589,"When reading classified ads , what does EENTY : other stand for ?",0,1
590,How many hearts does an octopus have ?,5,38
591,What plant has the largest seed ?,1,14
592,What was the only country you were allowed to drive into Israel from in 1979 ?,4,33
593,What 's approaching when a cyclist shouts : `` Oil '' ?,1,13
594,"What baseball star turned down a $1 , 000-a-year contract because he felt he had n't earned it ?",3,29
595,What kind of sport is often associated with hooligans ?,1,17
596,What video game hero do some of his fans call Chomper ?,3,29
597,How many holes are there in a tenpin bowling ball ?,5,38
598,What is the longest word in the English language ?,1,23
599,In What city or state do the most gay men live in ?,4,35
600,"What TV comediennes 's characters include former movie star Nora Desmond , secretary Mrs. Wiggins and a housewife named Eunice ?",3,29
601,What is `` the bear of beers '' ?,1,2
602,Name the operating system that runs on IBM-compatible machines .,1,13
603,What does the name `` Justin '' mean ?,2,24
604,What percentage of the body is muscle ?,5,45
605,What color of dry wine should be served with veal roasts and chops ?,1,4
606,What is a golf ball made of ?,1,18
607,What is the Amish religion ?,2,24
608,What does an average daycare provider get paid in New England ?,5,41
609,What was the name of the 187s Irish terrorist group in Pennsylvania mining areas ?,3,28
610,Who played the Ringo Kid in the 1939 film Stagecoach ?,3,29
611,Who died 1 feet from where John F. Kennedy did ?,3,29
612,What is the `` coppertop '' battery ?,2,24
613,What sign is The Water Carrier the zodiacal symbol for ?,1,19
614,What animals do you find in the stock market ?,1,2
615,What is color ?,2,24
616,When is the site www.questions.com going to open ?,5,39
617,What did Shostakovich write for Rostropovich ?,1,5
618,What first name was Nipsy Russell given at birth ?,3,29
619,How can I get some free technical information on Electric Vehicle ?,2,26
620,Who is the youngest of the Beatles ?,3,29
621,How did shipyard inspector James J. Kilroy designate equipment as being satisfactory ?,2,26
622,What is a Jellicle Cat ?,2,24
623,Where can I find the best free evidence for debate about Russia ?,4,35
624,What is Bill Gates of Microsoft E-mail address ?,4,35
625,What is the second hardest substance ?,1,18
626,Why did several San Diego schools stop serving apples to students ?,2,27
627,What Russian city boasts the Hermitage Museum ?,4,32
628,When is Bastille Day ?,5,39
629,What makes a tornado turn ?,2,27
630,How many shots can a stock M16 hold ?,5,38
631,What two colors are you blind to if you suffer from protanopia ?,1,4
632,Why do n't you guys have some sort of contest where you ask a question and whoever finds the answers wins a prize ?,2,27
633,Who is Coronado ?,3,31
634,What was the name of the movie that starred Sharon Stone and Arnold Schwarzenegger ?,1,5
635,What is artificial intelligence ?,2,24
636,What do flatfish eat ?,1,9
637,Who was the first Holy Roman Emperor ?,3,29
638,What can I use to remove the stubborn gummed labels from some diskettes ?,1,13
639,What day of the week sees the most fatal car accidents ?,5,39
640,"What is the origin of the word , magic ?",2,25
641,What sport do you shag flies in ?,1,17
642,What is white chocolate ?,2,24
643,Where is Trinidad ?,4,35
644,Name the organization that is presided by a Security Council .,3,28
645,"Who graced the airwaves with such pearls as `` Do ya lo-o-ove me ? Get naked , baby ! '' ?",3,29
646,What kind of wine is Spumante ?,1,9
647,Who portrayed portly criminologist Carl Hyatt on Checkmate ?,3,29
648,How do you say I love you in Spanish ?,1,21
649,What does the name Gina mean ?,2,24
650,What is the most advanced handheld calculator in the world ?,1,15
651,How fast is light ?,5,46
652,What is the belt of low pressure around the equator called ?,1,21
653,What are shooting stars ?,2,24
654,Whom did the Chicago Bulls beat in the 1993 championship ?,3,28
655,When was the first American encyclopedia published ?,5,39
656,What 's the tallest building in New York City ?,4,35
657,How is Easter Sunday 's date determined ?,2,26
658,What is the Motto for the State of Maryland ?,2,25
659,Who is Desmond Tutu ?,3,31
660,Where can I find information on the Narragansett Indians and other tribes in Rhode Island ?,4,35
661,Name a tiger that is extinct .,1,2
662,How many quarters equal a pound ?,5,38
663,What kind of books does Fodor 's publish ?,1,5
664,"What are the first names of Rowan and Martin , the stars of TV 's Laugh-In ?",3,29
665,What chapter of the Bible has the most verses ?,5,42
666,Who is the worst US President ever ?,3,29
667,What Asian leader was known as The Little Brown Saint ?,3,29
668,What is the abbreviated expression for the National Bureau of Investigation ?,0,0
669,How fast does the fastest car go ?,5,46
670,What is the highest mountain in the world ?,4,34
671,What arch can you see from the Place de la Concorde ?,4,35
672,Who sings the song `` Drink to me with thine eyes '' by Ben Johnson ?,3,29
673,How long should a person wash their hands before they are clean ?,5,44
674,Which way do you turn your Bic to increase the flame - clockwise or counterclockwise ?,4,35
675,Which is the wealthiest country in the world ?,4,33
676,How can I find a phone number of someone if I only know their email address ?,2,26
677,How can you contact play producers and promoters on-line ?,2,26
678,Who is the monarch of the United Kingdom ?,3,29
679,What is a fear of passing high objects ?,1,7
680,What do players try to do when the music stops in a game of musical chairs ?,2,25
681,What are the top ten most common girl names in the US ?,3,29
682,Why is black the color of mourning in the West ?,2,27
683,What is the rarest coin ?,1,13
684,What Judith Rossner novel was made into a film starring Diane Keaton ?,1,5
685,Which country is Australia 's largest export market ?,4,33
686,Where is the Kentucky Horse Park located ?,4,35
687,What is a fear of parasites ?,1,7
688,In what Olympic Games did Nadia Comaneci become popular ?,1,17
689,Who does data collection in tourism ?,3,29
690,What was the name of the daughter of the Virginia chief Powhatan that married John Rolfe ?,3,29
691,What is the leading pecan and peanut growing state ?,4,36
692,What does a nihilist believe in ?,2,25
693,What did Richard Feynman say upon hearing he would receive the Nobel Prize in Physics ?,2,25
694,"In what sport are these following numbers relevant : 118 , 126 , 134 , 142 , 15 , 158 , 167 , 177 , and 19 ?",1,17
695,Who were the four famous founders of United Artists ?,3,29
696,What 2 statues did France give to other countries ?,1,5
697,What are amphibians ?,2,24
698,How many sperm cells are in an average ejaculation ?,5,38
699,Name the disposable razor that `` costs about 19 cents . '',1,15
700,How far do you have to run if you hit a home run ?,5,40
701,Who was the only U.S. President to wear a Nazi uniform ?,3,29
702,Woodrow Wilson served as president of what university ?,3,28
703,Where are the tropical rain forest distributions ?,4,35
704,What 's the nickname of oddsmaker Jimmy Snyder ?,3,29
705,What is the fear of being loved ?,1,7
706,What was the number of people that Randy Steven Craft was convicted of killing ?,5,43
707,What was Queen Victoria 's title regarding India ?,3,30
708,How is a hydrogen bomb different from a nuclear bomb ?,2,26
709,How far can a man travel in outer space ?,5,40
710,Where was Lincoln assassinated ?,4,35
711,What type of food makes you fat ?,1,9
712,What is the name of the chronic neurological autoimmune disease which attacks the protein sheath that surrounds nerve cells causing a gradual loss of movement in the body ?,1,7
713,What was the U.S. highway death toll in 1969 ?,5,38
714,"What kind of animals are Dorsets , Lincolns , Oxfords and Southdowns ?",1,2
715,What are the shortest and the longest songs ever produced ?,1,5
716,What letter is to the right of K on a typewriter keyboard ?,1,12
717,"What is the origin and the meaning of the name , `` Hajo ? ''",2,25
718,What is the plural of gulf ?,1,23
719,Whose autobiography is titled Yes I Can ?,3,29
720,What year did the United States pass the Copyright law ?,5,39
721,What percentage of Americans own their homes ?,5,45
722,What 's the first day of the week ?,5,39
723,What city was President William McKinley shot in ?,4,32
724,What city has the world 's longest subway system ?,4,32
725,"Who claimed he killed 4 , 280 buffalo as food for the crew building the Kansas Pacific Railway ?",3,29
726,What is Bombay duck ?,2,24
727,How many degrees cooler is the inside of a cucumber than the air outside ?,5,38
728,What double talking `` professor '' holds a doctorate in Nothing ?,3,29
729,What are the five most expensive cities in the world ?,4,32
730,What 19th-century writer had a country estate on the Hudson dubbed Sunnyside ?,3,29
731,How many layers of yellow paint is a Faber Mongol pencil lucky enough to be sprayed with ?,5,38
732,What is a virtual IP address ?,2,24
733,What was the name of the cook on Rawhide ?,3,29
734,What county is Chicago in ?,4,35
735,What is the wingspan of a condor ?,5,40
736,What facial feature typically contains about 55 hairs ?,2,25
737,"Who was named Admiral of the Ocean Seas and Viceroy and Governor General of all the islands he might discover , and also granted 10-?? of all profits of his voyage .",3,29
738,How can I transport files from one computer to another ?,2,26
739,What 's the literary term for a play on words ?,1,21
740,What color were their horses ?,1,4
741,What does an average daycare provider get paid in New England ?,5,41
742,What author landed a 468-pound marlin without harness in the early 193 's ?,3,29
743,How many Americans fought for the British in the American Revolution ?,5,38
744,What kind of education do I need to become a flight attendant ?,1,13
745,What are the two languages of Malta ?,1,11
746,How many oceans are there and name them ?,5,38
747,What happened during the Blackhawk Indian war of 1832 ?,2,25
748,How many pairs of legs does a lobster have ?,5,38
749,What does the Latin ante mortem mean ?,2,24
750,What does the name Shawn mean ?,2,24
751,Where is the Danube ?,4,35
752,"What lawyer won the largest divorce settlement , $85 million , in U.S. history for Sheika Dena Al-Farri ?",3,29
753,What do you call a group of geese ?,1,2
754,"Who delivered his last newscast on March 6 , 1981 ?",3,29
755,"How many times has `` Louie , Louie '' been recorded ?",5,38
756,How is Answers.com different from KnowPost.com ?,2,26
757,What is the longest place name in the U.S. ?,4,35
758,What percent liked Thatcher after she had been in power for a decade ?,5,45
759,"Where does Buzz Aldrin want to build a permanent , manned space station ?",4,35
760,What was Mel Gibson 's first movie ?,1,5
761,Why was the L.A. office of Shea and Gould closed ?,2,27
762,How do I start a bank ?,2,26
763,How do Ouija Boards work ?,2,26
764,What horse did Zorro ride ?,1,2
765,How do you get a broken cork out of a bottle ?,2,26
766,Where can I find correct tabs for Third Eye Blind songs ?,4,35
767,How do you determine heating requirements for your home ?,2,26
768,What former major-league left-handed baseball pitcher was known as `` Space Man '' ?,3,29
769,"Which hair care product told us `` hate that gray , wash it away '' ?",1,15
770,Why did the chicken cross the road ?,2,27
771,What was Michelangelo 's last name ?,3,29
772,Who is Barbara Jordan ?,3,31
773,Who was the Democratic nominee in the American presidential election ?,3,29
774,What was Connecticut 's first constitution called ?,1,5
775,What historical event happened in Dogtown in 1899 ?,1,8
776,What is being done about the millennium bug ?,2,24
777,What was the claim to fame of King Camp Gillette ?,2,27
778,What is the most common kind of skin cancer in the U.S. ?,1,7
779,What is Olestra ?,2,24
780,What Asian country has a bill of rights for cows ?,4,33
781,How many fingers are used to draw a bow ?,5,38
782,What are two plants that clothes are made from ?,1,14
783,When was Hurricane Hugo ?,5,39
784,What is the most heavily caffeinated soft drink ?,1,9
785,What President-to-be was the first member of Congress to enlist following the attack on Pearl Harbor ?,3,29
786,What was the price of Varian Associates ' vacuum products division ?,5,41
787,When was `` the Great Depression '' ?,5,39
788,What language is mostly spoken in Brazil ?,1,11
789,What college produced the most winning Super Bowl quarterbacks ?,3,28
790,How do you solve `` Rubik 's Cube '' ?,2,26
791,What is prepared mustard ?,2,24
792,What classical Spanish writer warned : `` All that glitters is not gold '' ?,3,29
793,What does `` antidisestablishmentarianism '' mean ?,2,24
794,What actor married John F. Kennedy 's sister ?,3,29
795,What does a topophobic actor suffer from ?,1,7
796,Who fired Maria Ybarra from her position in San Diego council ?,3,29
797,"The italian artist , Maurizio Pellegrin , is how old ?",5,44
798,What type of hunting are retrievers used for ?,1,13
799,What is Colin Powell best known for ?,2,27
800,Who was the first black golfer to tee off in the Masters ?,3,29
801,What city is the setting for Puccini 's opera La Boheme ?,4,32
802,What U.S. President showed a fondness for munching on bee pollen bars ?,3,29
803,What is measured in curies ?,2,24
804,Whose cover is that of an employee of Universal Import and Export ?,3,29
805,What former president 's daughter has written a book titled Murder in the White House ?,3,29
806,What fictional character is known as the `` melancholy Dane '' ?,3,29
807,Italy is the largest producer of what ?,1,15
808,What longtime game show host dropped dead while jogging in Central Park in 1984 ?,3,29
809,"What is the meaning of W.B. Yeat 's poem , `` The Three Hermits ? ''",2,24
810,Who were the `` filthiest people alive ? '',3,29
811,What infectious disease is the world 's deadliest ?,1,7
812,What is Spumante ?,2,24
813,In what year did Ireland elect its first woman president ?,5,39
814,What is an isthmus ?,2,24
815,What was the name of the orca that died of a fungal infection ?,1,2
816,Where is Mozambique located ?,4,35
817,What is Mississippi 's state animal ?,1,2
818,What 's the origin of the word ` news ' ?,2,25
819,What did Dan Aykroyd and John Belushi quit Saturday Night Live to become ?,1,13
820,How many months does a normal human pregnancy last ?,5,38
821,How do fuel injectors work ?,2,26
822,How can your school march in the Macy 's Thanksgiving Parade ?,2,26
823,What is the real name of disc jockey `` Wolfman Jack '' ?,3,29
824,What Italian liner was hijacked in 1985 ?,1,22
825,What city houses the U.S. headquarters of Procter and Gamble ?,4,32
826,What soap was touted as being `` for people who like people '' ?,1,15
827,How much was the minimum wage in 1991 ?,5,41
828,What does NAFTA stand for ?,0,1
829,Who invented silly putty ?,3,29
830,"What new middle school was built in Philadelphia , Pennsylvania last year ?",3,28
831,Who patented the first phonograph ?,3,29
832,What are some tips for building a fire in a fireplace ?,1,20
833,What do manatees eat ?,1,9
834,How do you say 2 in Latin ?,1,21
835,What were popular songs and types of songs in the 1920s ?,1,5
836,How many Vietnamese were there in the Soviet Union ?,5,38
837,What is November 's birthstone ?,1,13
838,What is a Certified Nurse Midwife ?,2,24
839,"On average , how many miles are there to the moon ?",5,38
840,Who created private detective Philip Marlowe ?,3,29
841,"What Boris Pasternak book sold 5 , 0 copies to become the fiction best-seller of 1958 ?",1,5
842,What is the origin of the expression `` tout de suite '' ?,2,25
843,What is the longest English word ?,1,23
844,What is the purpose of a car bra ?,2,27
845,What is D.B. Cooper known for ?,2,27
846,Who is Colin Powell ?,3,31
847,What species is a colt ?,1,2
848,What is the full name of the PLO ?,0,1
849,What is the smallest country in Africa ?,4,33
850,Who coined the term NN cyberspace `` in his novel NN Neuromancer '' ?,3,29
851,What age followed the Bronze Age ?,1,8
852,What is her profession ?,3,30
853,What is the full name of the man who invented the multicolored game cube that has 42.3 quintillion potential combinations ?,3,29
854,What does the word LASER mean ?,0,1
855,What does the name `` Anthony '' mean ?,2,24
856,Who was Lauren Bacall 's first husband ?,3,29
857,What is a rhomboideus minor ?,2,24
858,How many hands does Bjorn Borg use when hitting his forehand ?,5,38
859,How many people died on D-Day ?,5,38
860,"What U.S. Congressman said : `` Keep the faith , baby '' .",3,29
861,Who created the character of Scrooge ?,3,29
862,What is the student population at the University of Massachusetts in Amherst ?,5,43
863,Where is Windsor Castle ?,4,35
864,When did the Dow first reach ?,5,39
865,Why were people recruited for the Vietnam War ?,2,27
866,What party was Winston Churchill a member of ?,3,28
867,What American League baseball team 's worst finish between 1926 and 1964 was fourth ?,3,28
868,Where can I find the names of all the 15 Pokemon ?,4,35
869,What state does Martha Stewart live in ?,4,36
870,Which killer whale died at Sea World of a fungal infection ?,1,2
871,What are the Benelux countries ?,4,33
872,Where 's the Petrified Forest ?,4,35
873,What is a language spoken by the Sioux ?,1,11
874,Where is Tornado Alley ?,4,35
875,Who was the author of `` John Brown 's Body '' ?,3,29
876,What American poet wrote : `` Good fences make good neighbors '' ?,3,29
877,What state in the U.S. has the most blacks ?,4,36
878,Why are electric cars less efficient in the northeast than in California ?,2,27
879,What was the occupation of Mandy Rice-Davies ?,3,30
880,What is the city in which Maurizio Pellegrin lives called ?,4,32
881,Who painted the Sistine Chapel ?,3,29
882,Name the various costumed personas of Dr. Henry Pym .,3,29
883,What breed of dog was the `` Little Rascals '' dog ?,1,2
884,What are the living conditions in Cuba ?,2,25
885,What color are school buses ?,1,4
886,What is the oldest website on the Internet ?,4,35
887,"What events happened January 26 , 1978 ?",1,8
888,What explorers followed Columbus to the Americas ?,3,29
889,Who is actress Goldie Hawn 's current actor boyfriend ?,3,29
890,Who banned Peter Rose from baseball for betting on games ?,3,29
891,What are the seven virtues ?,2,24
892,What other name were the `` Little Rascals '' known as ?,1,21
893,When was the San Francisco fire ?,5,39
894,What is a fear of food ?,1,7
895,"How many casinos are in Atlantic City , NJ ?",5,38
896,What year did the Vietnam War end ?,5,39
897,What are the names of Richard Nixon 's two daughters ?,3,29
898,What 's the word for broken glass or sharp rocks embedded in cement on top of a wall ?,1,23
899,What is the chromosome number of an elephant ?,5,38
900,What organization was founded by the Rev. Jerry Falwell ?,3,28
901,What 's the longest river in the world ?,4,35
902,Which soft drink does Madonna advertise for ?,1,9
903,What company is being bought by Yahoo and how much is the deal worth ?,3,28
904,When was Berlin 's Brandenburg gate erected ?,5,39
905,How many double-word-score spaces are there on a Scrabble Crossword Game board ?,5,38
906,What year did Germany sign its nonaggression pact with the Soviet Union ?,5,39
907,What mountain range is traversed by the highest railroad in the world ?,4,34
908,Why were the American soldiers in WWI called `` Doughboys '',2,27
909,Who was nicknamed The Little Corporal ?,3,29
910,How many CDs has Garth Brooks sold ?,5,38
911,Name the vessel used by the Atari Force in the DC comics .,1,22
912,Where are the leading medical groups specializing in lung diseases ?,4,35
913,"How can I find online spelling , and punctuation drills for my 6th grader ?",2,26
914,What 's the sacred river of India ?,4,35
915,What is Stefan Edberg 's native country ?,4,33
916,What is the only gland in humans that can regenerate itself ?,1,3
917,How many Gutenberg Bibles are there ?,5,38
918,Name the largest country in South America .,4,33
919,What astronomical phenomenon takes place in Jan. 1999 ?,1,8
920,What information can you get me on Fairground Park in St. Louis,2,25
921,What was American folk hero John Chapman 's nickname ?,3,29
922,What is the difference between a median and a mean ?,2,25
923,What was the top box office movie in April 1998 ?,1,5
924,What makes thunder ?,2,27
925,What author did photographer Yousuf Karsh call `` the shiest man I ever met '' ?,3,29
926,"Which is the largest clock , diameter wise , in Europe ?",1,13
927,What plant is rum made from ?,1,14
928,What country are Godiva chocolates from ?,4,33
929,"Name the poet of the poem which begins : I do not know much about gods ; but I think that the river Is a strong brown god-sullen , and untamed ?",3,29
930,Which condiment was once sold as a patent medicine ?,1,9
931,What U.S. state records the least rainfall ?,4,36
932,Why did the world enter a global depression in 1929 ?,2,27
933,"What was archy , and mehitabel ?",2,24
934,What Texas city got its name from the Spanish for `` yellow '' ?,4,32
935,What are the chemicals used in glowsticks ?,1,18
936,What country did the Nile River originate in ?,4,33
937,What color are tennis balls ?,1,4
938,What barroom judge called himself The Law West of the Pecos ?,3,29
939,What excuse did the NATO people give for hitting the Chinese embassy ?,2,25
940,Who was President of Costa Rica in 1994 ?,3,29
941,What sports event is Meyer Wolfsheim supposed to have fixed in The Great Gatsby ?,1,17
942,What country has the best defensive position in the board game Diplomacy ?,4,33
943,What two countries share the Khyber Pass ?,4,33
944,Who was chairman of the Senate select committee that tried to get to the bottom of Watergate ?,3,29
945,What is the origin of the surname of Braun ?,2,25
946,"What card game has variations called Canfield , Klondike and Spider ?",1,17
947,What is Australia Day ?,2,24
948,What mammal of North America is the world 's longest-lived for its size ?,1,2
949,What was the Chivington Massacre ?,2,24
950,"What actor starred in 1980 's Blue Lagoon , 1982 's The Pirate Movie and 1983 's A Night in Heaven ?",3,29
951,How many home runs did Lou Gehrig have during his career ?,5,38
952,In what city is the headquarters of Sinn Fein ?,4,32
953,Where can I find information on George Bush ?,4,35
954,Who is the voice of Miss Piggy ?,3,29
955,What is the dialogue circle in cartoons called ?,1,21
956,"What does the word camaro mean , from the GM car the Camaro ?",2,24
957,Who replaced Bert Parks as the host of The Miss America Pageant ?,3,29
958,How many boys play the game in Winslow Homer 's 1872 painting Snap the Whip ?,5,38
959,What is the AIM-54C Phoenix ?,2,24
960,When are sheep shorn ?,5,39
961,What sport is Chris Jogis a top player of ?,1,17
962,What 's the second-largest island in the world ?,4,35
963,What is the definition of low island ?,2,24
964,What century does Captain Video live in ?,5,39
965,What types of water pollution are there ?,1,13
966,How many astronauts manned each Project Mercury flight ?,5,38
967,What soft drink would provide me with the biggest intake of caffeine ?,1,9
968,What 's the name of a golf course in Myrtle Beach ?,1,13
969,What are some of the significant historical events of the 1990s ?,1,8
970,Name the only extant trilogy of classical Greek plays .,1,5
971,Where is Logan Airport ?,4,35
972,What is the difference between Neoclassical art and Romanticism art ?,2,25
973,Who was the first person inducted into the U.S. Swimming Hall of Fame ?,3,29
974,What golfer has been called Ohio Fats and Blobbo ?,3,29
975,Who murdered Leno and Rosemary LaBianca on August 1,3,29
976,What is the average cost for four years of medical school ?,5,41
977,What does God create in the first sentence of the Bible ?,1,13
978,Which of the following men was not married to Rita Hayworth ?,3,29
979,What is the current ticket fare from from Cairo to Barbados ?,5,41
980,What does NN O `` mean when used as a prefix in Irish surnames ?,0,1
981,How do you find oxidation numbers ?,2,26
982,What is the state nickname of Mississippi ?,4,36
983,"What is Black Hills , South Dakota most famous for ?",2,27
984,What 1966 boob tube bomb took astronauts back to prehistoric times ?,1,5
985,How many students attend the University of Massachusetts ?,5,38
986,"Who said , `` I shall return . '' during World War Two ?",3,29
987,What holidays are celebrated in Ireland ?,1,8
988,"Who portrayed Etta Place , companion to Butch Cassidey and the Sundance Kid ?",3,29
989,What are the Greek numerals ?,2,24
990,What 's the name of the temple that is located near the capital city of Laos ?,4,35
991,What is a fear of sleep ?,1,7
992,What auto race was Wilbur Reed the first to win three times ?,1,17
993,What are the most common breeding birds in the U.S. ?,1,2
994,"What was organized as a Confederate veterans ' social club in Pulaski , in Tennessee , in 1866 ?",1,8
995,How do you look up criminal records on the Internet ?,2,26
996,"Where is the actress , Marion Davies , buried ?",4,35
997,What is an example of an actual case of using the Fourteenth Amendment ?,2,25
998,Who was the Charlie perfume woman ?,3,29
999,Who portrayed `` Rosanne Rosanna-Dana '' on the television show `` Saturday Night Live '' ?,3,29
